cotovelo_direito,cotovelo_esquerdo,ombro_direito,ombro_esquerdo,cintura_direita,cintura_esquerda,joelho_direito,joelho_esquerdo,braco_direito,braco_esquerdo,figure,image_name
178,139,145,99,176,77,160,64,0.5040816326530613,0.4489795918367347,lib,perspective_1_flipped_lib17.jpg
169,147,172,100,178,83,167,54,0.6039119804400978,0.4873417721518987,lib,perspective_2_flipped_lib13.jpg
158,165,141,158,108,135,102,118,0.5105973025048169,0.4762886597938144,lib,lib22.jpg
177,178,138,142,39,170,21,173,0.45394736842105265,0.5620052770448549,lib,perspective_3_lib15.jpg
173,172,140,147,179,177,176,175,0.5263157894736842,0.49551569506726456,lib,perspective_3_lib20.jpg
175,135,159,102,167,35,176,39,0.5548780487804879,0.4652014652014652,lib,perspective_3_flipped_lib15.jpg
174,153,154,95,176,146,179,145,0.5564516129032258,0.5132743362831859,lib,perspective_3_flipped_lib9.jpg
173,172,141,155,167,165,165,169,0.48231511254019294,0.5222551928783383,lib,perspective_3_lib23.jpg
171,173,147,129,176,177,179,177,0.53125,0.5224719101123596,lib,flipped_lib20.jpg
173,178,147,142,174,178,179,179,0.5379310344827586,0.5421412300683371,lib,perspective_2_flipped_lib20.jpg
176,174,135,166,83,172,64,168,0.40476190476190477,0.5945945945945946,lib,lib13.jpg
145,159,147,135,117,158,79,139,0.4696261682242991,0.4543269230769231,lib,perspective_3_flipped_lib5.jpg
173,179,120,144,91,156,71,144,0.5399610136452242,0.46485260770975056,lib,perspective_3_lib6.jpg
169,145,176,120,171,169,177,157,0.5065616797900262,0.4792243767313019,lib,perspective_1_flipped_lib11.jpg
170,175,122,144,117,167,96,155,0.4406779661016949,0.5065420560747663,lib,perspective_1_lib6.jpg
158,176,105,178,100,171,76,152,0.44485294117647056,0.6047120418848168,lib,perspective_1_lib13.jpg
176,161,149,135,165,175,162,177,0.5235602094240838,0.4858757062146893,lib,perspective_2_flipped_lib23.jpg
176,169,159,117,172,179,175,179,0.5609243697478992,0.5150812064965197,lib,perspective_1_flipped_lib16.jpg
175,175,133,157,172,170,173,172,0.5023696682464455,0.532293986636971,lib,perspective_1_lib16.jpg
155,173,119,147,100,130,89,121,0.46153846153846156,0.4895833333333333,lib,perspective_3_lib19.jpg
174,163,149,166,156,166,148,169,0.5396039603960396,0.5279187817258884,lib,perspective_2_lib11.jpg
156,166,149,146,103,148,67,127,0.4894067796610169,0.47835497835497837,lib,perspective_1_flipped_lib5.jpg
170,158,159,120,171,159,175,156,0.54673721340388,0.5249537892791127,lib,flipped_lib16.jpg
169,170,135,134,88,167,70,159,0.47112462006079026,0.5258855585831063,lib,perspective_2_lib19.jpg
177,161,157,126,177,161,179,149,0.5473441108545035,0.4869109947643979,lib,perspective_2_flipped_lib1.jpg
179,118,160,106,173,175,176,172,0.5157593123209169,0.3786764705882353,lib,perspective_1_flipped_lib23.jpg
168,170,139,159,167,170,162,173,0.4437299035369775,0.5471204188481675,lib,perspective_1_lib23.jpg
170,177,153,148,99,138,78,127,0.5846153846153846,0.5026315789473684,lib,perspective_3_lib22.jpg
174,170,156,143,171,179,178,169,0.5375586854460094,0.5264423076923077,lib,perspective_3_flipped_lib18.jpg
173,179,131,149,179,175,173,178,0.5019305019305019,0.5342960288808665,lib,lib20.jpg
158,158,134,124,149,93,147,88,0.4486301369863014,0.5589041095890411,lib,perspective_3_flipped_lib19.jpg
169,175,168,159,120,145,111,126,0.4793388429752066,0.47645429362880887,lib,perspective_2_lib3.jpg
169,148,179,126,172,176,177,179,0.48394495412844035,0.466824644549763,lib,perspective_2_flipped_lib11.jpg
175,173,136,142,106,166,96,152,0.5068181818181818,0.5145413870246085,lib,lib19.jpg
168,164,137,170,157,171,144,177,0.4646153846153846,0.5271739130434783,lib,perspective_1_lib11.jpg
179,138,178,99,173,102,161,76,0.6442105263157895,0.42905405405405406,lib,perspective_3_flipped_lib13.jpg
163,179,145,163,88,142,84,123,0.4924078091106291,0.47651006711409394,lib,perspective_1_lib22.jpg
177,169,155,126,173,28,174,32,0.5589430894308943,0.48699763593380613,lib,perspective_1_flipped_lib1.jpg
174,170,150,148,123,106,109,90,0.5066666666666667,0.5667447306791569,lib,perspective_2_flipped_lib22.jpg
169,161,161,140,102,148,62,128,0.43833017077798864,0.4922813036020583,lib,flipped_lib5.jpg
178,163,149,109,178,158,175,156,0.5303030303030303,0.4976851851851852,lib,perspective_2_flipped_lib9.jpg
160,139,159,107,175,45,163,30,0.5083459787556904,0.4644628099173554,lib,flipped_lib17.jpg
176,155,138,130,109,174,104,176,0.43333333333333335,0.5223140495867769,lib,perspective_3_lib17.jpg
176,169,150,143,165,173,164,176,0.5132275132275133,0.5013550135501355,lib,perspective_3_flipped_lib23.jpg
168,178,115,143,139,178,145,179,0.4934579439252336,0.5203539823008849,lib,lib9.jpg
152,178,121,152,14,176,15,177,0.4690721649484536,0.485,lib,perspective_1_flipped_lib8.jpg
161,166,154,156,115,155,99,143,0.4406779661016949,0.4936061381074169,lib,perspective_3_lib21.jpg
174,162,152,139,134,95,121,86,0.4868421052631579,0.5475638051044084,lib,perspective_1_flipped_lib22.jpg
176,142,178,92,176,92,162,64,0.6327944572748267,0.4717607973421927,lib,perspective_1_flipped_lib13.jpg
155,170,161,159,67,168,52,170,0.363905325443787,0.5857418111753372,lib,perspective_2_lib13.jpg
165,179,145,146,101,154,62,127,0.46380697050938335,0.546485260770975,lib,perspective_1_lib14.jpg
168,153,157,109,159,80,148,62,0.499194847020934,0.514820592823713,lib,flipped_lib6.jpg
171,151,164,129,136,66,129,55,0.49056603773584906,0.49814126394052044,lib,flipped_lib22.jpg
168,167,143,166,160,173,150,176,0.48046875,0.51985559566787,lib,lib11.jpg
171,177,124,145,123,160,97,150,0.4847715736040609,0.5096618357487923,lib,perspective_2_lib6.jpg
176,165,162,118,173,173,177,168,0.5634408602150538,0.5143540669856459,lib,perspective_2_flipped_lib16.jpg
167,155,171,133,171,175,172,159,0.5194805194805194,0.4871287128712871,lib,flipped_lib11.jpg
179,134,164,104,168,35,170,38,0.5301724137931034,0.5133928571428571,lib,perspective_1_lib8.jpg
167,151,173,102,174,94,160,64,0.6183206106870229,0.46524064171123,lib,flipped_lib13.jpg
160,170,153,156,122,156,105,145,0.5045454545454545,0.48826291079812206,lib,perspective_2_lib21.jpg
178,177,141,147,26,177,28,173,0.46588693957115007,0.5259515570934256,lib,lib1.jpg
172,167,140,137,27,172,19,165,0.5078534031413613,0.5104166666666666,lib,perspective_2_flipped_lib8.jpg
170,173,114,152,150,178,151,173,0.508298755186722,0.5352941176470588,lib,perspective_1_lib9.jpg
174,173,130,131,105,164,58,140,0.4753623188405797,0.5417721518987342,lib,perspective_3_lib14.jpg
173,172,128,156,175,168,178,171,0.5012468827930174,0.531615925058548,lib,perspective_2_lib16.jpg
177,177,141,141,118,172,110,176,0.5060240963855421,0.4799154334038055,lib,perspective_2_lib17.jpg
150,155,116,144,175,175,179,175,0.26987951807228916,0.506514657980456,lib,lib17.jpg
171,159,139,154,44,128,32,125,0.5207100591715976,0.5397727272727273,lib,perspective_1_lib15.jpg
167,147,156,114,174,111,164,91,0.5087719298245614,0.507908611599297,lib,perspective_3_flipped_lib17.jpg
179,178,141,138,174,171,172,177,0.5835616438356165,0.5080906148867314,lib,perspective_1_lib20.jpg
171,166,161,157,123,142,102,136,0.4888888888888889,0.5292397660818714,lib,perspective_1_flipped_lib3.jpg
179,159,158,141,153,103,141,95,0.45145631067961167,0.5443548387096774,lib,perspective_3_flipped_lib22.jpg
172,177,134,153,170,172,168,173,0.5102420856610801,0.5377855887521968,lib,lib16.jpg
176,169,146,124,163,129,157,122,0.45057471264367815,0.5072164948453608,lib,perspective_2_flipped_lib6.jpg
176,125,159,92,168,33,171,33,0.515625,0.4789915966386555,lib,lib8.jpg
138,171,149,159,122,156,115,133,0.4,0.49673202614379086,lib,lib3.jpg
160,154,127,137,50,177,36,177,0.4439461883408072,0.5373134328358209,lib,flipped_lib8.jpg
176,175,122,145,79,158,58,143,0.4846153846153846,0.4908814589665654,lib,lib6.jpg
171,150,154,125,168,162,179,162,0.5174216027874564,0.488929889298893,lib,flipped_lib18.jpg
171,168,140,172,160,170,144,175,0.4873096446700508,0.5280373831775701,lib,perspective_3_lib11.jpg
164,178,148,155,88,139,77,128,0.5491071428571429,0.4833759590792839,lib,perspective_2_lib22.jpg
178,151,156,112,170,9,178,5,0.53584229390681,0.48096192384769537,lib,flipped_lib1.jpg
178,161,143,153,149,103,126,87,0.3877551020408163,0.49814126394052044,lib,perspective_2_lib5.jpg
168,139,148,112,156,66,160,50,0.45555555555555555,0.48556430446194226,lib,perspective_1_flipped_lib19.jpg
174,178,143,145,131,176,122,173,0.5,0.5130890052356021,lib,perspective_1_lib17.jpg
173,170,150,138,177,177,179,179,0.5193621867881549,0.49521531100478466,lib,perspective_3_flipped_lib20.jpg
163,174,157,151,155,165,142,156,0.5272727272727272,0.47093023255813954,lib,perspective_1_lib21.jpg
172,176,147,155,177,164,177,173,0.5269058295964125,0.5204545454545455,lib,perspective_2_lib18.jpg
169,135,144,100,154,64,160,57,0.4809384164222874,0.5042016806722689,lib,perspective_2_flipped_lib19.jpg
174,155,160,148,144,130,134,117,0.4960212201591512,0.4692737430167598,lib,perspective_3_flipped_lib21.jpg
166,174,139,153,174,169,178,170,0.47882136279926335,0.5069686411149826,lib,lib18.jpg
171,172,115,149,143,178,143,175,0.49635036496350365,0.551948051948052,lib,perspective_2_lib9.jpg
173,160,158,129,167,166,172,172,0.5189873417721519,0.5054229934924078,lib,perspective_2_flipped_lib18.jpg
169,149,150,112,159,31,163,41,0.4739583333333333,0.5167464114832536,lib,perspective_3_lib8.jpg
175,174,146,13,95,119,64,91,0.5278969957081545,0.5736434108527132,lib,lib14.jpg
179,164,155,109,162,83,155,70,0.48187633262260127,0.4563758389261745,lib,perspective_3_flipped_lib6.jpg
174,161,153,8,155,90,127,52,0.5941644562334217,0.6825726141078838,lib,perspective_2_flipped_lib14.jpg
175,169,145,153,45,167,38,173,0.5582089552238806,0.5225806451612903,lib,perspective_2_lib15.jpg
154,167,150,158,107,154,92,140,0.4612546125461255,0.5084175084175084,lib,perspective_1_lib3.jpg
173,160,4,161,149,93,112,46,0.6267806267806267,0.41123595505617977,lib,perspective_1_flipped_lib14.jpg
165,153,166,146,146,128,131,123,0.5384615384615384,0.4897360703812317,lib,perspective_3_flipped_lib3.jpg
175,135,161,112,171,28,176,34,0.48484848484848486,0.5142857142857142,lib,perspective_2_lib8.jpg
178,152,147,116,179,42,174,37,0.5434173669467787,0.44368600682593856,lib,perspective_2_flipped_lib15.jpg
158,157,155,133,118,156,85,145,0.503448275862069,0.43896103896103894,lib,perspective_2_flipped_lib5.jpg
175,159,165,147,143,114,134,115,0.5198019801980198,0.49214659685863876,lib,perspective_2_flipped_lib3.jpg
178,136,152,102,152,56,157,54,0.49782608695652175,0.5,lib,flipped_lib19.jpg
173,150,157,138,145,92,124,72,0.463855421686747,0.42948717948717946,lib,perspective_3_lib5.jpg
179,162,154,135,170,174,168,177,0.5115303983228512,0.44786729857819907,lib,flipped_lib23.jpg
178,177,145,152,101,177,97,177,0.5171568627450981,0.5147783251231527,lib,perspective_1_lib1.jpg
171,153,156,146,148,125,134,105,0.49,0.49604743083003955,lib,flipped_lib21.jpg
168,178,117,141,133,173,131,172,0.47785547785547783,0.5182795698924731,lib,perspective_3_lib9.jpg
164,178,150,155,120,148,93,135,0.5061728395061729,0.513184584178499,lib,lib21.jpg
172,155,163,112,164,16,165,27,0.5195530726256983,0.48036253776435045,lib,perspective_3_flipped_lib1.jpg
167,134,154,116,176,50,169,33,0.5542452830188679,0.43243243243243246,lib,perspective_1_flipped_lib15.jpg
174,119,155,141,153,124,138,98,0.4973544973544973,0.42073170731707316,lib,perspective_1_flipped_lib21.jpg
171,168,135,138,170,133,174,137,0.45365853658536587,0.5055187637969095,lib,lib15.jpg
175,178,135,164,173,171,170,174,0.4797979797979798,0.5349887133182845,lib,perspective_3_lib16.jpg
160,172,154,167,70,175,51,173,0.42214532871972316,0.5896805896805897,lib,perspective_3_lib13.jpg
179,159,154,102,178,168,179,168,0.5535714285714286,0.4666666666666667,lib,perspective_1_flipped_lib9.jpg
172,157,156,131,166,166,174,172,0.4918793503480278,0.5186813186813187,lib,perspective_1_flipped_lib18.jpg
158,171,160,160,129,129,124,106,0.47506561679790027,0.49874686716791977,lib,perspective_3_lib3.jpg
178,156,151,103,167,142,176,137,0.5473441108545035,0.5377358490566038,lib,perspective_3_flipped_lib16.jpg
170,137,154,108,176,88,163,74,0.48353552859618715,0.4387947269303202,lib,perspective_2_flipped_lib17.jpg
177,169,153,128,176,176,177,178,0.5934291581108829,0.5240384615384616,lib,perspective_1_flipped_lib20.jpg
174,144,161,142,144,91,121,69,0.4578313253012048,0.46245733788395904,lib,lib5.jpg
170,167,134,134,91,162,86,148,0.525,0.47513812154696133,lib,perspective_1_lib19.jpg
172,173,147,156,176,167,177,170,0.5276073619631901,0.520746887966805,lib,perspective_1_lib18.jpg
164,171,141,157,174,169,168,168,0.45823389021479716,0.5107758620689655,lib,lib23.jpg
178,145,158,141,143,126,125,105,0.5052910052910053,0.5065963060686016,lib,perspective_2_flipped_lib21.jpg
174,171,145,145,88,172,92,171,0.4689265536723164,0.49732620320855614,lib,perspective_3_lib1.jpg
171,144,158,110,153,27,165,13,0.5489021956087824,0.44471744471744473,lib,flipped_lib15.jpg
164,173,164,153,178,162,176,148,0.5751633986928104,0.5506912442396313,lib,perspective_3_flipped_lib11.jpg
161,154,171,142,133,91,123,96,0.5130434782608696,0.48267898383371827,lib,flipped_lib3.jpg
166,179,140,154,179,169,174,172,0.4471299093655589,0.5402010050251256,lib,perspective_2_lib23.jpg
179,176,140,151,100,168,100,173,0.5049261083743842,0.5156626506024097,lib,perspective_2_lib1.jpg
166,148,153,100,179,66,171,68,0.5368421052631579,0.5182481751824818,lib,flipped_lib9.jpg
176,177,143,144,179,175,177,176,0.5537190082644629,0.5273522975929978,lib,perspective_2_lib20.jpg
170,172,153,109,150,84,141,71,0.486652977412731,0.4897959183673469,lib,perspective_1_flipped_lib6.jpg
154,177,132,154,154,173,154,179,0.502283105022831,0.509009009009009,lib,perspective_3_flipped_lib8.jpg
162,174,133,159,177,165,177,172,0.4589041095890411,0.5021008403361344,lib,perspective_3_lib18.jpg
179,145,128,158,148,166,158,154,0.42900302114803623,0.5251256281407035,bow,bow9.jpeg
122,172,171,127,179,177,166,174,0.44075829383886256,0.5163934426229508,bow,perspective_1_flipped_bow15.jpeg
163,160,142,99,178,179,174,177,0.5283018867924528,0.49748743718592964,bow,perspective_1_flipped_bow3.png
133,145,116,170,174,177,178,176,0.45414847161572053,0.46120689655172414,bow,perspective_2_bow6.jpeg
105,168,162,80,178,176,168,176,0.40406976744186046,0.43526170798898073,bow,perspective_3_bow4.jpeg
163,124,156,119,168,160,176,168,0.5161290322580645,0.5,bow,perspective_2_flipped_bow11.jpeg
112,116,101,167,180,175,177,170,0.38461538461538464,0.3893129770992366,bow,perspective_3_bow5.jpeg
165,128,170,172,178,176,159,167,0.4622222222222222,0.48945147679324896,bow,perspective_2_bow13.jpeg
117,135,157,151,174,179,164,174,0.4857142857142857,0.4578313253012048,bow,perspective_3_flipped_bow2.png
155,150,143,94,165,121,173,135,0.5635179153094463,0.47035573122529645,bow,perspective_2_flipped_bow9.jpeg
142,167,163,113,176,171,172,179,0.4469026548672566,0.503968253968254,bow,perspective_3_flipped_bow15.jpeg
101,144,179,105,173,172,166,173,0.4878048780487805,0.43243243243243246,bow,perspective_1_flipped_bow12.jpeg
155,168,163,127,173,164,174,173,0.48109965635738833,0.48986486486486486,bow,flipped_bow13.jpeg
180,145,74,157,156,164,166,171,0.4342105263157895,0.4658385093167702,bow,bow11.jpeg
148,111,160,110,173,164,175,178,0.4820846905537459,0.43214285714285716,bow,flipped_bow16.jpeg
119,133,179,153,170,174,166,169,0.5188284518828452,0.5188284518828452,bow,flipped_bow12.jpeg
160,138,104,169,174,177,176,161,0.4485294117647059,0.46236559139784944,bow,perspective_3_bow16.jpeg
175,146,122,156,147,164,149,149,0.4448669201520912,0.532051282051282,bow,perspective_1_bow9.jpeg
140,138,176,156,177,179,163,171,0.4939759036144578,0.4909090909090909,bow,perspective_1_flipped_bow2.png
133,112,170,117,179,173,176,174,0.4745762711864407,0.4585152838427948,bow,perspective_2_flipped_bow17.jpeg
176,133,124,99,178,168,176,161,0.5727699530516432,0.5284974093264249,bow,perspective_3_flipped_bow3.png
145,106,161,110,176,171,171,177,0.50390625,0.4686192468619247,bow,perspective_2_flipped_bow6.jpeg
156,166,153,109,160,154,174,176,0.5214723926380368,0.44680851063829785,bow,perspective_1_flipped_bow7.jpeg
154,152,150,98,178,173,175,173,0.5208333333333334,0.5071428571428571,bow,flipped_bow18.jpeg
154,99,159,112,176,170,172,178,0.5075187969924813,0.48828125,bow,perspective_1_flipped_bow6.jpeg
145,122,120,174,173,172,173,170,0.45977011494252873,0.47388059701492535,bow,bow12.jpeg
129,110,163,104,165,166,178,177,0.504,0.4745762711864407,bow,perspective_3_flipped_bow16.jpeg
145,139,114,174,177,179,174,174,0.4389312977099237,0.4787234042553192,bow,perspective_3_bow17.jpeg
175,125,80,167,179,178,179,167,0.4666666666666667,0.41414141414141414,bow,perspective_3_flipped_bow4.jpeg
148,126,157,169,173,176,166,171,0.42677824267782427,0.47104247104247104,bow,perspective_2_bow15.jpeg
159,164,96,144,178,179,175,178,0.4585152838427948,0.5267175572519084,bow,perspective_1_bow3.png
162,114,80,173,174,174,175,166,0.5405405405405406,0.4747191011235955,bow,perspective_1_flipped_bow4.jpeg
132,112,171,123,177,170,168,179,0.5185185185185185,0.5023923444976076,bow,perspective_2_flipped_bow16.jpeg
141,130,123,179,170,173,174,176,0.41767068273092367,0.43137254901960786,bow,perspective_3_bow6.jpeg
147,148,161,125,168,160,169,175,0.515,0.4756756756756757,bow,perspective_2_flipped_bow7.jpeg
176,117,90,165,165,171,175,173,0.484375,0.4567901234567901,bow,perspective_1_bow16.jpeg
163,132,171,170,175,176,170,177,0.4606741573033708,0.4744525547445255,bow,perspective_3_bow15.jpeg
178,121,90,164,171,170,171,167,0.5083612040133779,0.4635036496350365,bow,perspective_2_bow19.jpeg
130,176,178,125,177,179,175,175,0.4315068493150685,0.5015015015015015,bow,flipped_bow15.jpeg
139,104,158,112,171,178,176,178,0.51010101010101,0.48128342245989303,bow,perspective_3_flipped_bow18.jpeg
175,141,132,106,178,178,179,172,0.582995951417004,0.536036036036036,bow,perspective_2_flipped_bow3.png
142,126,133,177,179,177,173,168,0.4325581395348837,0.4325581395348837,bow,perspective_2_bow8.jpeg
139,98,161,105,178,171,168,179,0.5038461538461538,0.4625,bow,perspective_3_flipped_bow6.jpeg
108,174,85,159,168,175,170,163,0.3082706766917293,0.4742857142857143,bow,perspective_1_bow7.jpeg
164,133,155,106,168,160,176,167,0.5454545454545454,0.47368421052631576,bow,flipped_bow11.jpeg
179,145,61,152,149,153,163,167,0.4824561403508772,0.4537037037037037,bow,perspective_1_bow11.jpeg
140,99,146,101,176,168,173,180,0.5265151515151515,0.4469026548672566,bow,perspective_1_flipped_bow14.jpeg
179,129,111,177,172,176,178,163,0.5091463414634146,0.43309859154929575,bow,bow13.jpeg
132,175,158,78,171,167,166,175,0.49794238683127573,0.49377593360995853,bow,perspective_3_flipped_bow19.jpeg
146,134,142,173,179,177,174,165,0.5133689839572193,0.5081081081081081,bow,perspective_1_bow2.png
134,152,113,165,166,170,179,172,0.43558282208588955,0.47126436781609193,bow,perspective_3_bow7.jpeg
156,144,83,158,179,178,176,171,0.4681647940074906,0.4365079365079365,bow,perspective_1_bow18.jpeg
130,119,137,176,178,177,177,177,0.47619047619047616,0.46078431372549017,bow,perspective_2_bow12.jpeg
115,142,97,159,161,165,173,178,0.43243243243243246,0.4166666666666667,bow,perspective_2_bow11.jpeg
156,173,155,109,171,171,169,175,0.5149253731343284,0.5094339622641509,bow,flipped_bow3.png
129,135,110,178,178,170,178,163,0.38461538461538464,0.41333333333333333,bow,perspective_2_bow5.jpeg
116,139,176,157,171,170,179,175,0.5309278350515464,0.5159574468085106,bow,perspective_3_flipped_bow12.jpeg
144,128,154,91,177,176,174,177,0.5465587044534413,0.5,bow,perspective_1_flipped_bow18.jpeg
134,117,163,128,179,177,175,180,0.5120967741935484,0.4851063829787234,bow,perspective_2_flipped_bow14.jpeg
134,118,169,121,171,167,176,171,0.5038461538461538,0.5038461538461538,bow,perspective_1_flipped_bow16.jpeg
115,135,166,71,175,178,167,177,0.43478260869565216,0.4396551724137931,bow,perspective_1_flipped_bow5.jpeg
172,157,159,125,167,160,178,170,0.5528455284552846,0.5378151260504201,bow,perspective_1_flipped_bow11.jpeg
150,130,111,167,172,175,179,174,0.46153846153846156,0.45482866043613707,bow,bow6.jpeg
131,175,161,86,172,167,168,179,0.49387755102040815,0.5230769230769231,bow,perspective_2_flipped_bow19.jpeg
161,171,108,136,178,179,174,176,0.506578947368421,0.504950495049505,bow,bow3.png
136,140,161,92,170,173,172,173,0.5300859598853869,0.49382716049382713,bow,flipped_bow19.jpeg
138,152,171,115,178,179,169,173,0.5102040816326531,0.5180722891566265,bow,perspective_3_flipped_bow13.jpeg
126,138,130,164,178,176,176,166,0.46846846846846846,0.4801762114537445,bow,perspective_1_bow14.jpeg
128,104,171,122,175,162,165,179,0.4607142857142857,0.41923076923076924,bow,flipped_bow8.jpeg
178,127,92,174,172,177,173,164,0.4727272727272727,0.45794392523364486,bow,bow16.jpeg
128,111,108,175,171,177,174,174,0.4318181818181818,0.4292237442922374,bow,perspective_1_bow8.jpeg
122,157,168,132,175,179,163,179,0.4028776978417266,0.45751633986928103,bow,perspective_2_flipped_bow2.png
165,136,110,164,179,175,176,163,0.48663101604278075,0.4838709677419355,bow,perspective_3_bow2.png
142,146,159,123,167,163,170,172,0.5071090047393365,0.47738693467336685,bow,flipped_bow7.jpeg
124,179,163,83,172,173,170,172,0.5041666666666667,0.5062240663900415,bow,perspective_1_flipped_bow19.jpeg
137,109,120,170,175,174,175,178,0.46703296703296704,0.46703296703296704,bow,perspective_1_bow12.jpeg
133,112,169,104,175,170,178,176,0.5222672064777328,0.47555555555555556,bow,perspective_3_flipped_bow17.jpeg
126,123,170,84,173,175,169,177,0.42342342342342343,0.42342342342342343,bow,perspective_3_flipped_bow5.jpeg
146,127,162,170,174,177,170,173,0.4639175257731959,0.48514851485148514,bow,perspective_1_bow13.jpeg
132,168,176,113,176,178,167,173,0.4533333333333333,0.5214007782101168,bow,perspective_2_flipped_bow13.jpeg
135,101,157,106,176,176,174,179,0.5161290322580645,0.4827586206896552,bow,perspective_3_flipped_bow14.jpeg
175,112,89,162,168,172,173,168,0.468503937007874,0.4351464435146444,bow,perspective_1_bow19.jpeg
141,128,110,173,178,175,177,166,0.38636363636363635,0.4065934065934066,bow,bow5.jpeg
178,129,93,167,175,173,167,161,0.53156146179402,0.4758364312267658,bow,perspective_3_bow19.jpeg
164,115,92,175,178,177,173,162,0.5240174672489083,0.48705882352941177,bow,perspective_2_flipped_bow4.jpeg
159,129,79,160,176,177,177,170,0.46530612244897956,0.42290748898678415,bow,perspective_2_bow18.jpeg
124,96,177,119,174,173,171,176,0.4474885844748858,0.44495412844036697,bow,perspective_1_flipped_bow8.jpeg
150,141,167,175,179,173,174,164,0.45064377682403434,0.459915611814346,bow,perspective_3_bow13.jpeg
131,100,168,105,174,164,171,175,0.47368421052631576,0.4117647058823529,bow,perspective_2_flipped_bow8.jpeg
121,104,175,93,175,169,170,178,0.5339366515837104,0.44919786096256686,bow,perspective_3_flipped_bow8.jpeg
165,130,99,177,170,176,174,173,0.4812286689419795,0.46099290780141844,bow,perspective_1_bow17.jpeg
164,141,109,164,179,174,178,162,0.4703196347031963,0.45794392523364486,bow,bow2.png
145,153,117,153,159,168,168,164,0.45692883895131087,0.49477351916376305,bow,perspective_3_bow9.jpeg
141,172,169,129,178,175,168,175,0.44166666666666665,0.4846153846153846,bow,perspective_2_flipped_bow15.jpeg
123,113,103,163,176,178,178,171,0.4418604651162791,0.4230769230769231,bow,perspective_3_bow14.jpeg
119,179,167,84,172,175,167,173,0.45706371191135736,0.4895833333333333,bow,perspective_2_bow4.jpeg
174,129,104,169,179,179,175,161,0.5287009063444109,0.44086021505376344,bow,bow15.jpeg
153,156,150,96,162,43,169,59,0.5765027322404371,0.44642857142857145,bow,flipped_bow9.jpeg
149,152,126,165,167,167,175,171,0.4972677595628415,0.49171270718232046,bow,perspective_2_bow7.jpeg
167,152,88,156,177,179,177,172,0.5047318611987381,0.4766666666666667,bow,bow18.jpeg
136,108,163,100,179,175,172,179,0.4382716049382716,0.4129032258064516,bow,flipped_bow5.jpeg
137,143,174,113,174,178,164,175,0.45789473684210524,0.485,bow,flipped_bow2.png
130,137,131,178,179,176,177,175,0.4688427299703264,0.4688427299703264,bow,bow17.jpeg
144,108,173,123,178,176,179,176,0.4873417721518987,0.4840764331210191,bow,flipped_bow17.jpeg
107,169,176,76,178,172,176,179,0.4896907216494845,0.5170731707317073,bow,perspective_1_flipped_bow17.jpeg
174,127,103,178,178,177,175,178,0.46715328467153283,0.45112781954887216,bow,perspective_2_bow17.jpeg
174,108,87,168,176,174,177,170,0.5052631578947369,0.4268292682926829,bow,perspective_3_bow12.jpeg
152,109,141,108,176,174,176,177,0.5983606557377049,0.49222797927461137,bow,perspective_2_flipped_bow18.jpeg
118,130,171,151,170,173,168,172,0.5048076923076923,0.5048076923076923,bow,perspective_2_flipped_bow12.jpeg
154,151,139,101,165,136,177,157,0.5437956204379562,0.4318181818181818,bow,perspective_3_flipped_bow9.jpeg
143,179,117,141,179,176,178,173,0.4588744588744589,0.51171875,bow,perspective_3_bow3.png
160,178,149,67,165,159,178,172,0.5094339622641509,0.5094339622641509,bow,perspective_3_flipped_bow11.jpeg
174,127,84,169,170,177,177,165,0.4669421487603306,0.42920353982300885,bow,perspective_2_bow16.jpeg
166,119,97,179,178,174,178,155,0.5078125,0.43243243243243246,bow,perspective_3_bow8.jpeg
175,124,98,170,172,177,177,165,0.4728434504792332,0.4349315068493151,bow,bow8.jpeg
148,172,110,138,155,175,156,174,0.5242718446601942,0.5377358490566038,bow,perspective_2_bow3.png
177,124,87,166,172,171,172,170,0.481994459833795,0.4702549575070821,bow,bow19.jpeg
126,174,175,99,176,174,167,174,0.46271929824561403,0.4979508196721312,bow,bow4.jpeg
132,97,169,115,178,172,166,177,0.45104895104895104,0.4432624113475177,bow,flipped_bow6.jpeg
152,124,108,157,179,174,179,158,0.4539877300613497,0.40268456375838924,bow,perspective_2_bow2.png
129,132,135,162,173,172,175,171,0.4892703862660944,0.5062240663900415,bow,perspective_2_bow14.jpeg
121,178,176,93,178,179,164,173,0.441025641025641,0.5551020408163265,bow,perspective_1_flipped_bow13.jpeg
136,146,132,163,173,177,171,169,0.4605263157894737,0.4788135593220339,bow,bow7.jpeg
140,137,169,137,173,169,169,175,0.49214659685863876,0.49740932642487046,bow,perspective_3_flipped_bow7.jpeg
176,127,84,158,179,176,179,171,0.5253623188405797,0.46530612244897956,bow,perspective_3_bow18.jpeg
119,128,78,162,153,162,164,175,0.42063492063492064,0.4065040650406504,bow,perspective_3_bow11.jpeg
158,124,88,175,175,178,177,170,0.4922813036020583,0.45286506469500926,bow,flipped_bow4.jpeg
120,138,116,167,170,174,176,176,0.4132841328413284,0.4717607973421927,bow,perspective_1_bow6.jpeg
123,172,176,104,179,173,163,173,0.49193548387096775,0.5153846153846153,bow,perspective_1_bow4.jpeg
155,71,98,105,176,159,148,149,0.5575539568345323,0.3050847457627119,scale,scale3.jpg
89,168,150,89,127,51,135,169,0.34306569343065696,0.5871559633027523,scale,perspective_1_flipped_scale3.jpg
172,165,168,92,79,42,75,48,0.5912408759124088,0.5851851851851851,scale,flipped_scale17.jpg
175,130,179,71,178,53,153,156,0.5807622504537205,0.51875,scale,perspective_3_flipped_scale6.jpg
172,135,172,94,150,29,86,141,0.5463258785942492,0.6213333333333333,scale,perspective_1_flipped_scale14.jpg
160,179,107,179,167,167,163,159,0.5011990407673861,0.5094339622641509,scale,perspective_2_scale2.jpg
177,159,160,98,161,166,168,171,0.48760330578512395,0.5571428571428572,scale,perspective_1_flipped_scale4.jpg
171,158,167,97,159,44,160,78,0.632258064516129,0.5546875,scale,flipped_scale12.jpg
170,159,153,108,158,170,172,166,0.4766355140186916,0.6111111111111112,scale,perspective_2_flipped_scale4.jpg
159,152,162,83,163,156,161,177,0.5052854122621564,0.5195071868583162,scale,perspective_2_flipped_scale1.jpg
148,172,66,161,73,170,176,167,0.600451467268623,0.5672371638141809,scale,perspective_3_scale7.jpg
161,167,89,174,58,134,126,136,0.5412667946257198,0.5914529914529915,scale,perspective_1_scale12.jpg
174,124,170,81,101,32,157,134,0.5921450151057401,0.5970149253731343,scale,perspective_2_flipped_scale14.jpg
172,170,108,142,175,140,173,151,0.5075757575757576,0.5220588235294118,scale,perspective_3_scale4.jpg
148,162,101,168,59,149,56,120,0.5574712643678161,0.5947368421052631,scale,perspective_1_scale15.jpg
179,169,86,177,121,162,95,153,0.5,0.5603864734299517,scale,perspective_3_scale17.jpg
174,142,179,90,142,132,162,125,0.5464684014869888,0.5960264900662252,scale,perspective_3_flipped_scale11.jpg
170,147,153,80,152,125,167,158,0.5857142857142857,0.5268065268065268,scale,perspective_2_flipped_scale8.jpg
159,167,119,160,167,154,170,164,0.600418410041841,0.5077319587628866,scale,perspective_2_scale16.jpg
158,179,114,157,177,157,165,175,0.5365239294710328,0.5157894736842106,scale,perspective_2_scale10.jpg
164,172,164,99,101,32,81,10,0.600375234521576,0.6243386243386243,scale,flipped_scale8.jpg
151,174,111,171,158,148,171,168,0.5183823529411765,0.5459272097053726,scale,scale16.jpg
153,170,81,170,68,154,139,160,0.4771689497716895,0.5836363636363636,scale,perspective_2_scale12.jpg
162,169,162,102,179,179,170,179,0.5257731958762887,0.5106382978723404,scale,perspective_3_flipped_scale13.jpg
170,166,158,93,119,116,88,162,0.5925058548009368,0.6282051282051282,scale,perspective_3_flipped_scale8.jpg
176,143,178,66,170,62,169,61,0.5931174089068826,0.5214285714285715,scale,perspective_1_flipped_scale12.jpg
173,155,163,123,171,170,156,166,0.5241635687732342,0.5142314990512334,scale,flipped_scale16.jpg
165,150,67,56,111,132,169,153,0.7490636704119851,0.7581227436823105,scale,perspective_3_flipped_scale9.jpg
158,163,85,176,37,122,119,136,0.5880149812734082,0.5445134575569358,scale,perspective_2_scale6.jpg
150,157,73,167,150,161,145,168,0.5057471264367817,0.5315904139433552,scale,perspective_2_scale1.jpg
176,161,158,99,160,169,173,170,0.5128205128205128,0.6148648648648649,scale,perspective_3_flipped_scale4.jpg
174,174,170,100,176,68,135,45,0.6041666666666666,0.6237623762376238,scale,perspective_3_flipped_scale17.jpg
156,170,76,171,113,170,149,160,0.5387387387387388,0.5910543130990416,scale,scale5.jpg
141,161,91,166,158,153,153,168,0.5358361774744027,0.5211267605633803,scale,perspective_3_scale11.jpg
170,172,97,172,166,168,165,161,0.484304932735426,0.5344129554655871,scale,perspective_2_scale17.jpg
170,165,71,176,78,170,73,156,0.4519230769230769,0.5808823529411765,scale,perspective_2_scale13.jpg
173,126,152,79,166,163,177,168,0.47150259067357514,0.4410958904109589,scale,perspective_1_flipped_scale9.jpg
150,138,77,177,167,151,178,174,0.5237226277372263,0.5657237936772047,scale,scale12.jpg
165,144,166,96,153,39,105,4,0.5397489539748954,0.5319148936170213,scale,flipped_scale2.jpg
157,161,89,167,128,147,152,174,0.5175097276264592,0.5649122807017544,scale,perspective_2_scale11.jpg
153,167,98,170,169,154,162,168,0.565989847715736,0.5378378378378378,scale,scale11.jpg
157,70,93,109,155,165,111,107,0.5565217391304348,0.2916666666666667,scale,perspective_2_scale3.jpg
160,88,93,132,74,160,149,55,0.605,0.368,scale,perspective_3_scale3.jpg
178,131,143,92,166,162,176,158,0.4888888888888889,0.4719387755102041,scale,perspective_2_flipped_scale9.jpg
178,154,120,153,176,173,174,178,0.5267857142857143,0.5046728971962616,scale,perspective_1_scale13.jpg
148,168,66,169,99,179,154,161,0.4854586129753915,0.5516569200779727,scale,perspective_1_scale5.jpg
156,176,102,142,165,164,162,174,0.47317073170731705,0.4692874692874693,scale,perspective_1_scale9.jpg
173,144,179,71,171,75,147,107,0.5982300884955752,0.5659655831739961,scale,flipped_scale5.jpg
166,176,164,119,170,164,147,169,0.5645161290322581,0.625,scale,perspective_2_flipped_scale17.jpg
165,66,109,93,170,166,156,147,0.6,0.3103448275862069,scale,perspective_1_scale3.jpg
161,165,93,174,59,150,78,127,0.5234899328859061,0.601123595505618,scale,perspective_2_scale15.jpg
179,146,178,104,167,86,164,58,0.5532786885245902,0.5291576673866091,scale,perspective_2_flipped_scale16.jpg
175,178,108,179,62,163,33,168,0.5182926829268293,0.5380116959064327,scale,scale2.jpg
169,142,178,103,41,25,121,148,0.5597826086956522,0.5449438202247191,scale,perspective_3_flipped_scale2.jpg
167,175,92,146,126,133,147,168,0.556640625,0.5149572649572649,scale,perspective_2_scale7.jpg
175,174,178,104,162,170,143,156,0.5569620253164557,0.6216216216216216,scale,perspective_1_flipped_scale15.jpg
168,167,88,168,36,134,66,161,0.49759615384615385,0.5195402298850574,scale,perspective_3_scale2.jpg
172,121,142,75,165,162,179,170,0.4689507494646681,0.44642857142857145,scale,flipped_scale9.jpg
162,179,107,172,155,151,172,172,0.4891566265060241,0.49643705463182897,scale,perspective_1_scale2.jpg
177,138,178,91,156,149,174,157,0.5419354838709678,0.540453074433657,scale,perspective_2_flipped_scale11.jpg
173,144,177,54,178,98,168,163,0.5987124463519313,0.5620608899297423,scale,perspective_3_flipped_scale5.jpg
179,130,178,75,80,32,125,115,0.5764966740576497,0.5619266055045872,scale,perspective_1_flipped_scale6.jpg
177,177,78,164,140,162,137,171,0.5794797687861272,0.5017123287671232,scale,scale7.jpg
160,171,112,168,161,154,164,170,0.5889212827988338,0.5137931034482759,scale,perspective_1_scale14.jpg
155,161,86,165,179,171,170,177,0.49193548387096775,0.5531914893617021,scale,scale13.jpg
172,144,174,105,158,151,165,178,0.5395033860045146,0.5310344827586206,scale,perspective_1_flipped_scale16.jpg
167,150,163,121,168,165,175,173,0.5373831775700935,0.5012594458438288,scale,perspective_3_flipped_scale10.jpg
178,160,179,78,161,95,134,79,0.5941176470588235,0.6166666666666667,scale,perspective_3_flipped_scale15.jpg
172,162,76,178,93,179,83,144,0.5,0.5490196078431373,scale,perspective_1_scale17.jpg
174,149,176,99,150,136,154,114,0.5714285714285714,0.6047297297297297,scale,perspective_1_flipped_scale11.jpg
151,163,75,177,81,175,124,150,0.5721153846153846,0.6260504201680672,scale,scale15.jpg
160,152,101,140,166,162,169,179,0.568,0.4807692307692308,scale,perspective_2_scale4.jpg
165,134,165,59,173,49,177,110,0.5889423076923077,0.5403225806451613,scale,perspective_1_flipped_scale2.jpg
137,169,71,146,160,163,163,179,0.4378531073446328,0.5025,scale,perspective_2_scale9.jpg
173,167,176,94,151,127,123,104,0.6107784431137725,0.5859872611464968,scale,perspective_2_flipped_scale15.jpg
148,160,74,166,174,164,153,157,0.47549019607843135,0.5327510917030568,scale,perspective_3_scale1.jpg
151,153,75,178,10,167,81,151,0.5404624277456648,0.5302806499261448,scale,scale6.jpg
157,159,97,162,157,154,157,179,0.5790349417637272,0.4582441113490364,scale,perspective_1_scale6.jpg
102,149,129,96,160,140,158,108,0.3790849673202614,0.5560747663551402,scale,perspective_3_flipped_scale3.jpg
82,151,124,85,168,51,144,98,0.34502923976608185,0.5867158671586716,scale,flipped_scale3.jpg
167,136,174,99,162,12,177,11,0.5346534653465347,0.5513126491646778,scale,flipped_scale14.jpg
179,173,173,90,130,142,117,125,0.5555555555555556,0.6164383561643836,scale,flipped_scale15.jpg
167,132,160,89,174,166,157,172,0.4901185770750988,0.5248618784530387,scale,perspective_2_flipped_scale6.jpg
155,151,77,176,49,172,99,151,0.5023148148148148,0.580078125,scale,perspective_3_scale12.jpg
147,175,84,166,162,155,179,170,0.54337899543379,0.5249406175771971,scale,perspective_1_scale10.jpg
177,134,178,60,164,89,178,118,0.6007462686567164,0.5494736842105263,scale,perspective_1_flipped_scale5.jpg
157,170,127,161,162,151,170,166,0.5747368421052632,0.531322505800464,scale,perspective_1_scale16.jpg
126,179,59,154,163,164,163,175,0.3864306784660767,0.49144254278728605,scale,perspective_3_scale9.jpg
155,151,166,87,174,171,176,172,0.5596330275229358,0.5051546391752577,scale,perspective_1_flipped_scale13.jpg
155,163,94,164,146,164,166,170,0.524008350730689,0.5269709543568465,scale,perspective_2_scale5.jpg
162,178,77,160,130,136,115,165,0.5801217038539553,0.543046357615894,scale,perspective_1_scale7.jpg
173,157,170,73,169,67,134,179,0.5913978494623656,0.5591647331786543,scale,perspective_2_flipped_scale12.jpg
161,163,103,166,54,128,118,116,0.5664739884393064,0.5945945945945946,scale,perspective_3_scale15.jpg
142,174,101,160,163,146,176,175,0.5424354243542435,0.5221579961464354,scale,scale10.jpg
154,171,111,157,167,147,175,168,0.5046728971962616,0.511520737327189,scale,perspective_3_scale10.jpg
155,173,77,177,175,162,162,164,0.5363489499192245,0.5333333333333333,scale,scale1.jpg
150,178,62,161,148,148,133,176,0.5235042735042735,0.49774774774774777,scale,perspective_2_scale8.jpg
179,138,174,79,97,38,131,144,0.5816326530612245,0.5718015665796344,scale,perspective_2_flipped_scale2.jpg
168,138,172,85,146,167,168,169,0.5661971830985916,0.5574712643678161,scale,flipped_scale11.jpg
178,155,178,80,175,161,161,176,0.5415929203539823,0.5424028268551236,scale,flipped_scale1.jpg
143,173,109,169,161,150,173,171,0.5042553191489362,0.5225409836065574,scale,perspective_3_scale16.jpg
145,163,72,176,165,150,157,171,0.4870848708487085,0.5573248407643312,scale,perspective_1_scale11.jpg
172,140,144,123,159,176,172,176,0.49612403100775193,0.5486111111111112,scale,perspective_1_flipped_scale10.jpg
165,161,169,99,165,151,170,172,0.49892008639308855,0.5555555555555556,scale,perspective_1_flipped_scale1.jpg
177,134,159,98,151,164,179,166,0.5263157894736842,0.5819672131147541,scale,perspective_2_flipped_scale10.jpg
164,172,164,99,101,32,81,10,0.600375234521576,0.6243386243386243,scale,flipped_scale7.jpg
137,172,82,146,164,162,158,171,0.44539614561027835,0.48406374501992033,scale,scale9.jpg
137,161,93,177,29,123,95,115,0.56656346749226,0.5611285266457681,scale,perspective_2_scale14.jpg
153,179,116,178,17,65,39,63,0.6280487804878049,0.5821917808219178,scale,perspective_3_scale14.jpg
169,147,176,84,145,40,173,126,0.5888157894736842,0.6189024390243902,scale,flipped_scale6.jpg
163,152,100,148,167,156,167,177,0.6172839506172839,0.5303030303030303,scale,perspective_1_scale4.jpg
178,169,96,157,159,146,164,175,0.5792349726775956,0.5095541401273885,scale,scale4.jpg
166,153,170,116,157,157,166,179,0.4688427299703264,0.5665859564164649,scale,perspective_3_flipped_scale16.jpg
163,152,162,93,165,155,164,176,0.5483870967741935,0.5353982300884956,scale,perspective_3_flipped_scale1.jpg
154,148,178,62,174,34,151,115,0.6774193548387096,0.5384615384615384,scale,perspective_2_flipped_scale13.jpg
171,161,165,86,134,66,163,97,0.5576923076923077,0.6057142857142858,scale,perspective_1_flipped_scale8.jpg
177,177,78,164,140,162,137,171,0.5794797687861272,0.5017123287671232,scale,scale8.jpg
164,164,65,155,161,163,153,158,0.5349794238683128,0.4694835680751174,scale,perspective_3_scale8.jpg
163,152,167,77,175,173,176,179,0.5859375,0.5267857142857143,scale,flipped_scale13.jpg
159,164,113,176,176,176,160,144,0.6357466063348416,0.6175771971496437,scale,scale14.jpg
165,129,173,90,154,22,141,126,0.5172413793103449,0.5563380281690141,scale,perspective_3_flipped_scale14.jpg
71,157,112,96,156,169,153,179,0.3282442748091603,0.6286919831223629,scale,perspective_2_flipped_scale3.jpg
161,136,179,92,126,40,140,50,0.5895833333333333,0.5826271186440678,scale,flipped_scale10.jpg
165,170,92,178,158,175,133,154,0.5408163265306123,0.509090909090909,scale,scale17.jpg
177,147,171,74,168,62,177,129,0.6024096385542169,0.5319148936170213,scale,perspective_3_flipped_scale12.jpg
177,163,105,155,178,175,172,179,0.53,0.5052631578947369,scale,perspective_3_scale13.jpg
176,164,155,97,139,173,159,164,0.4966442953020134,0.576271186440678,scale,flipped_scale4.jpg
146,171,84,168,163,162,169,177,0.4920353982300885,0.5127334465195246,scale,perspective_3_scale6.jpg
130,143,115,111,162,168,164,167,0.36153846153846153,0.4713375796178344,scorpion,scorpion18.jpeg
73,146,85,147,146,175,134,156,0.4627450980392157,0.5463576158940397,scorpion,perspective_1_scorpion5.jpeg
106,172,107,122,173,175,173,176,0.43673469387755104,0.5088967971530249,scorpion,perspective_1_scorpion16.jpeg
122,143,124,80,150,140,170,158,0.4387755102040816,0.45,scorpion,perspective_3_flipped_scorpion21.jpeg
121,176,144,122,84,138,53,51,0.5904255319148937,0.6280193236714976,scorpion,perspective_2_scorpion20.jpeg
161,165,135,127,71,72,14,19,0.6222222222222222,0.6677524429967426,scorpion,perspective_2_scorpion4.png
72,160,94,141,176,172,173,166,0.43934426229508194,0.5014577259475219,scorpion,perspective_1_scorpion6.jpeg
167,159,129,130,65,52,39,34,0.5909090909090909,0.5909090909090909,scorpion,perspective_3_scorpion3.png
65,161,27,139,167,151,164,117,0.21511627906976744,0.4489795918367347,scorpion,perspective_3_flipped_scorpion9.jpeg
154,161,133,119,145,109,110,57,0.519434628975265,0.4867924528301887,scorpion,perspective_1_flipped_scorpion8.jpeg
20,167,113,115,123,135,158,168,0.05421686746987952,0.5139318885448917,scorpion,perspective_1_scorpion13.jpeg
147,166,105,69,85,99,66,33,0.5763888888888888,0.6257668711656442,scorpion,perspective_2_scorpion12.jpeg
156,45,137,51,174,69,157,64,0.5502008032128514,0.3978494623655914,scorpion,perspective_2_flipped_scorpion5.jpeg
172,48,124,33,154,154,171,164,0.5849056603773585,0.3333333333333333,scorpion,perspective_3_scorpion12.jpeg
121,35,175,142,86,165,90,48,0.49193548387096775,0.19230769230769232,scorpion,perspective_2_flipped_scorpion10.jpeg
169,107,112,46,125,127,172,160,0.48736462093862815,0.5463258785942492,scorpion,perspective_2_scorpion19.jpeg
140,158,87,82,114,143,107,178,0.5685279187817259,0.5990566037735849,scorpion,perspective_3_flipped_scorpion22.jpeg
174,122,103,48,76,142,44,128,0.6227106227106227,0.6423611111111112,scorpion,perspective_3_scorpion22.jpeg
164,167,132,18,135,150,147,175,0.6255924170616114,0.7898936170212766,scorpion,perspective_3_scorpion8.jpeg
176,131,142,170,172,166,165,170,0.4946236559139785,0.2878787878787879,scorpion,perspective_3_flipped_scorpion10.jpeg
145,153,149,137,163,124,109,88,0.5816993464052288,0.5719063545150501,scorpion,scorpion3.png
135,21,154,160,85,167,94,151,0.6038961038961039,0.2823529411764706,scorpion,perspective_1_flipped_scorpion10.jpeg
93,122,139,118,172,81,108,85,0.6384615384615384,0.6412213740458015,scorpion,perspective_1_flipped_scorpion2.png
153,150,124,135,63,107,38,71,0.5784313725490197,0.5924170616113744,scorpion,scorpion2.png
143,165,138,129,120,54,54,0,0.5490196078431373,0.555984555984556,scorpion,perspective_2_scorpion3.png
173,175,108,105,143,148,147,131,0.5772357723577236,0.5905511811023622,scorpion,perspective_2_flipped_scorpion14.jpeg
129,119,135,91,148,164,110,128,0.5294117647058824,0.5151515151515151,scorpion,perspective_1_scorpion20.jpeg
84,53,137,138,42,35,7,11,0.49673202614379086,0.42962962962962964,scorpion,perspective_2_scorpion2.png
165,75,138,80,174,72,174,76,0.5799256505576208,0.4719626168224299,scorpion,perspective_1_flipped_scorpion5.jpeg
179,162,126,118,153,81,110,171,0.6166666666666667,0.5627376425855514,scorpion,perspective_2_flipped_scorpion8.jpeg
166,171,116,115,82,116,106,101,0.5761316872427984,0.6113207547169811,scorpion,perspective_1_flipped_scorpion14.jpeg
167,168,120,127,153,122,107,64,0.5615942028985508,0.5416666666666666,scorpion,perspective_1_flipped_scorpion4.png
139,156,110,129,88,93,156,173,0.6178010471204188,0.5804597701149425,scorpion,perspective_1_scorpion10.jpeg
152,103,107,97,169,168,172,175,0.5850746268656717,0.531986531986532,scorpion,flipped_scorpion16.jpeg
170,147,126,56,159,169,160,146,0.5532994923857868,0.5686274509803921,scorpion,scorpion12.jpeg
143,145,95,125,84,152,179,109,0.5601659751037344,0.5875486381322957,scorpion,perspective_2_flipped_scorpion20.jpeg
108,140,87,125,87,153,167,105,0.5457875457875457,0.5866666666666667,scorpion,flipped_scorpion20.jpeg
148,130,133,123,110,112,114,130,0.49635036496350365,0.5273972602739726,scorpion,perspective_3_flipped_scorpion15.jpeg
154,176,116,122,143,138,165,172,0.5397489539748954,0.5817490494296578,scorpion,perspective_1_scorpion4.png
178,74,136,84,179,63,174,60,0.575,0.4291044776119403,scorpion,flipped_scorpion5.jpeg
141,103,112,104,171,170,176,175,0.5381944444444444,0.4844961240310077,scorpion,perspective_3_flipped_scorpion16.jpeg
158,157,102,114,72,176,97,148,0.5747126436781609,0.6419354838709678,scorpion,perspective_1_flipped_scorpion22.jpeg
141,90,126,135,34,56,156,38,0.5575757575757576,0.5680473372781065,scorpion,perspective_1_scorpion2.png
96,147,93,99,166,170,172,178,0.4605809128630705,0.5323741007194245,scorpion,perspective_2_scorpion16.jpeg
108,163,108,110,175,175,175,176,0.5245901639344263,0.5671641791044776,scorpion,scorpion16.jpeg
126,157,78,102,156,144,174,172,0.49107142857142855,0.569811320754717,scorpion,perspective_2_flipped_scorpion22.jpeg
156,65,134,76,179,76,172,74,0.5869565217391305,0.4672897196261682,scorpion,perspective_3_flipped_scorpion5.jpeg
72,178,110,104,127,107,169,148,0.115,0.5795724465558195,scorpion,scorpion13.jpeg
152,132,98,79,157,142,156,178,0.5381165919282511,0.582995951417004,scorpion,perspective_2_scorpion14.jpeg
179,128,112,75,150,150,174,177,0.5763239875389408,0.5405405405405406,scorpion,scorpion22.jpeg
113,176,153,151,42,0,40,11,0.6036585365853658,0.6107784431137725,scorpion,perspective_2_flipped_scorpion2.png
136,143,91,129,81,141,177,85,0.6129032258064516,0.6504854368932039,scorpion,perspective_1_flipped_scorpion20.jpeg
38,160,79,129,150,132,174,162,0.08982035928143713,0.4966887417218543,scorpion,perspective_2_scorpion13.jpeg
73,172,87,119,174,177,177,161,0.4808362369337979,0.5429447852760736,scorpion,perspective_3_scorpion5.jpeg
153,147,100,71,129,124,165,162,0.5478260869565217,0.5357142857142857,scorpion,perspective_2_flipped_scorpion21.jpeg
129,108,89,135,156,158,162,176,0.3877551020408163,0.4339622641509434,scorpion,perspective_1_scorpion21.jpeg
163,152,98,118,98,169,125,140,0.5,0.5567567567567567,scorpion,flipped_scorpion15.jpeg
178,176,119,122,73,60,6,15,0.6568265682656826,0.6219512195121951,scorpion,perspective_2_flipped_scorpion3.png
166,168,107,106,171,165,147,153,0.54421768707483,0.541095890410959,scorpion,perspective_3_flipped_scorpion12.jpeg
166,113,117,53,13,131,56,169,0.5394736842105263,0.5918367346938775,scorpion,scorpion19.jpeg
117,57,115,2,130,144,151,173,0.5,0.12048192771084337,scorpion,perspective_1_flipped_scorpion13.jpeg
175,110,65,110,176,138,162,179,0.4097560975609756,0.5,scorpion,perspective_2_scorpion18.jpeg
175,164,133,140,166,161,125,152,0.5240174672489083,0.5301724137931034,scorpion,perspective_1_flipped_scorpion3.png
165,105,105,90,158,154,174,172,0.5720930232558139,0.583710407239819,scorpion,perspective_1_scorpion14.jpeg
177,95,110,82,168,161,162,176,0.5095541401273885,0.45774647887323944,scorpion,perspective_1_flipped_scorpion12.jpeg
179,165,124,132,170,144,147,93,0.5490909090909091,0.515625,scorpion,perspective_2_flipped_scorpion4.png
178,138,122,109,79,38,79,8,0.6376404494382022,0.545774647887324,scorpion,flipped_scorpion19.jpeg
141,160,159,155,104,177,157,166,0.6412556053811659,0.7183098591549296,scorpion,perspective_2_scorpion8.jpeg
143,150,114,113,142,170,159,148,0.4088888888888889,0.503731343283582,scorpion,perspective_3_scorpion18.jpeg
176,109,120,104,168,22,60,175,0.6820987654320988,0.5743801652892562,scorpion,perspective_1_flipped_scorpion19.jpeg
78,147,99,147,176,176,170,153,0.49014778325123154,0.5470459518599562,scorpion,scorpion6.jpeg
152,176,137,112,154,135,146,174,0.5583596214511041,0.5527156549520766,scorpion,scorpion4.png
161,71,136,86,169,103,173,99,0.625,0.5408163265306123,scorpion,perspective_1_flipped_scorpion6.jpeg
120,83,125,54,164,162,172,179,0.42735042735042733,0.3128205128205128,scorpion,perspective_2_flipped_scorpion11.jpeg
82,169,118,112,132,142,171,175,0.14857142857142858,0.5329153605015674,scorpion,perspective_3_scorpion13.jpeg
168,141,109,111,149,139,143,110,0.5514950166112956,0.5659163987138264,scorpion,perspective_3_flipped_scorpion8.jpeg
171,114,90,117,141,160,140,160,0.39267015706806285,0.49783549783549785,scorpion,perspective_1_scorpion18.jpeg
177,170,117,122,84,88,34,33,0.5903614457831325,0.575,scorpion,flipped_scorpion4.png
176,80,132,101,175,176,170,175,0.6100917431192661,0.5549738219895288,scorpion,flipped_scorpion6.jpeg
164,172,130,124,128,137,149,140,0.5511811023622047,0.6310679611650486,scorpion,perspective_1_scorpion19.jpeg
167,179,145,129,179,173,179,158,0.5038759689922481,0.5857605177993528,scorpion,perspective_2_scorpion9.jpeg
113,61,118,45,146,131,173,165,0.5769230769230769,0.17123287671232876,scorpion,perspective_3_flipped_scorpion13.jpeg
142,176,112,107,95,67,136,156,0.3125,0.4934210526315789,scorpion,perspective_3_scorpion10.jpeg
173,139,102,134,96,160,160,107,0.593607305936073,0.6180257510729614,scorpion,perspective_3_flipped_scorpion20.jpeg
135,173,138,140,166,169,174,173,0.4217391304347826,0.49236641221374045,scorpion,perspective_1_flipped_scorpion11.jpeg
161,128,118,73,37,61,41,37,0.556910569105691,0.6506410256410257,scorpion,perspective_3_scorpion19.jpeg
132,90,54,79,160,66,177,25,0.4942528735632184,0.45454545454545453,scorpion,perspective_1_flipped_scorpion7.jpeg
174,167,130,131,158,154,147,162,0.5338645418326693,0.5517241379310345,scorpion,perspective_3_scorpion4.png
171,163,142,133,36,56,144,73,0.6820083682008368,0.6996047430830039,scorpion,perspective_3_flipped_scorpion14.jpeg
129,172,169,26,77,139,71,112,0.5497076023391813,0.2524271844660194,scorpion,flipped_scorpion10.jpeg
175,175,122,123,74,56,126,145,0.6382252559726962,0.5859375,scorpion,perspective_3_flipped_scorpion3.png
178,179,120,125,176,176,159,145,0.555045871559633,0.5174129353233831,scorpion,flipped_scorpion12.jpeg
179,102,118,95,72,39,148,164,0.6411042944785276,0.5282258064516129,scorpion,perspective_3_flipped_scorpion19.jpeg
174,179,135,142,178,175,176,166,0.5682656826568265,0.4956896551724138,scorpion,perspective_2_flipped_scorpion9.jpeg
155,132,134,118,179,160,136,174,0.6238095238095238,0.6238095238095238,scorpion,flipped_scorpion2.png
152,114,120,78,149,142,174,174,0.5194805194805194,0.5194805194805194,scorpion,perspective_2_scorpion22.jpeg
179,103,126,108,170,171,177,171,0.5119047619047619,0.49382716049382713,scorpion,perspective_2_flipped_scorpion12.jpeg
118,112,144,86,150,90,99,64,0.5563636363636364,0.4808510638297872,scorpion,scorpion20.jpeg
175,160,134,132,153,139,125,104,0.5128205128205128,0.5,scorpion,perspective_2_scorpion10.jpeg
170,154,116,127,149,151,167,175,0.44329896907216493,0.5462184873949579,scorpion,perspective_2_scorpion21.jpeg
175,160,112,119,130,72,40,43,0.5882352941176471,0.5130434782608696,scorpion,perspective_3_flipped_scorpion4.png
149,86,99,83,166,167,169,179,0.5752895752895753,0.5,scorpion,perspective_1_flipped_scorpion16.jpeg
114,148,109,135,34,172,106,162,0.5060240963855421,0.5040322580645161,scorpion,perspective_3_flipped_scorpion11.jpeg
175,165,133,126,173,66,102,82,0.5566600397614314,0.4520884520884521,scorpion,perspective_2_flipped_scorpion17.jpeg
120,63,111,57,151,131,129,90,0.5537459283387622,0.20809248554913296,scorpion,perspective_2_flipped_scorpion13.jpeg
124,148,138,99,154,166,101,142,0.5441860465116279,0.5545454545454546,scorpion,perspective_3_scorpion20.jpeg
119,103,19,74,171,47,163,39,0.40625,0.4492753623188406,scorpion,flipped_scorpion7.jpeg
157,53,116,50,147,153,170,170,0.5795148247978437,0.09826589595375723,scorpion,flipped_scorpion13.jpeg
147,108,126,100,162,156,167,177,0.46411483253588515,0.45893719806763283,scorpion,perspective_1_flipped_scorpion18.jpeg
122,94,121,75,172,166,116,147,0.5236220472440944,0.48068669527896996,scorpion,flipped_scorpion18.jpeg
106,90,91,87,166,167,166,178,0.5261324041811847,0.4944237918215613,scorpion,perspective_2_flipped_scorpion16.jpeg
152,139,117,125,127,167,149,168,0.48514851485148514,0.5702479338842975,scorpion,perspective_3_scorpion21.jpeg
128,88,99,20,162,171,165,144,0.5056818181818182,0.3958333333333333,scorpion,perspective_1_scorpion12.jpeg
77,159,133,95,170,174,123,146,0.4541284403669725,0.4413145539906103,scorpion,perspective_3_flipped_scorpion18.jpeg
145,158,115,104,136,134,165,148,0.46226415094339623,0.4411764705882353,scorpion,perspective_1_flipped_scorpion21.jpeg
178,162,128,95,165,163,175,174,0.4317343173431734,0.4652777777777778,scorpion,perspective_1_scorpion9.jpeg
164,112,86,111,92,167,166,159,0.48484848484848486,0.5374149659863946,scorpion,scorpion21.jpeg
143,170,116,83,149,144,179,155,0.528169014084507,0.5,scorpion,flipped_scorpion21.jpeg
172,174,123,126,97,72,42,20,0.6327868852459017,0.6042402826855123,scorpion,flipped_scorpion3.png
169,120,123,105,168,167,174,178,0.5165289256198347,0.5301204819277109,scorpion,perspective_3_scorpion14.jpeg
164,176,117,122,88,75,166,168,0.5480769230769231,0.5392156862745098,scorpion,scorpion10.jpeg
174,156,115,103,155,167,114,166,0.5912408759124088,0.5590551181102362,scorpion,perspective_1_scorpion22.jpeg
147,160,141,101,179,176,156,157,0.5880281690140845,0.6151315789473685,scorpion,scorpion14.jpeg
167,107,131,100,105,35,173,170,0.6392405063291139,0.5210084033613446,scorpion,perspective_2_flipped_scorpion19.jpeg
160,162,91,109,62,160,81,127,0.570446735395189,0.6312684365781711,scorpion,flipped_scorpion14.jpeg
161,152,105,109,64,174,69,141,0.5318471337579618,0.6230769230769231,scorpion,flipped_scorpion22.jpeg
142,67,116,74,156,153,168,177,0.46859903381642515,0.4270833333333333,scorpion,perspective_2_flipped_scorpion18.jpeg
90,169,112,132,177,167,173,157,0.49201277955271566,0.5431034482758621,scorpion,perspective_2_scorpion5.jpeg
78,163,95,130,178,171,176,168,0.4794520547945205,0.5824175824175825,scorpion,scorpion5.jpeg
77,130,80,93,170,176,171,178,0.39378238341968913,0.5104602510460251,scorpion,perspective_3_scorpion16.jpeg
165,154,127,109,178,110,173,97,0.5167173252279635,0.5092592592592593,scorpion,flipped_scorpion8.jpeg
157,153,132,133,166,154,132,150,0.5139442231075697,0.539622641509434,scorpion,perspective_1_scorpion3.png
178,77,144,92,173,89,161,87,0.6222222222222222,0.5736677115987461,scorpion,perspective_2_flipped_scorpion6.jpeg
